<?xml version="1.0" encoding="UTF-8"?>
<project-private xmlns="http://www.netbeans.org/ns/project-private/1">
    <editor-bookmarks xmlns="http://www.netbeans.org/ns/editor-bookmarks/2" lastBookmarkId="0"/>
    <open-files xmlns="http://www.netbeans.org/ns/projectui-open-files/2">
        <group>
            <file>file:/C:/Users/TOSHIBA%20Z30/Documents/NetBeansProjects/Zain/src/login.java</file>
            <file>file:/C:/Users/TOSHIBA%20Z30/Documents/NetBeansProjects/Zain/src/zain/SystemClass.java</file>
            <file>file:/C:/Users/TOSHIBA%20Z30/Documents/NetBeansProjects/Zain/src/Signup.java</file>
            <file>file:/C:/Users/TOSHIBA%20Z30/Documents/NetBeansProjects/Zain/src/Home.java</file>
            <file>file:/C:/Users/TOSHIBA%20Z30/Documents/NetBeansProjects/Zain/src/zain/Llogin.java</file>
        </group>
    </open-files>
</project-private>
